k,val_loss,val_acc,val_prec,val_rec,val_f1,val_auroc
1,0.4594210684299469,0.8019417524337769,0.7937743067741394,0.8063241243362427,0.800000011920929,0.873487651348114
2,0.4995183050632477,0.7354085445404053,0.6905537247657776,0.8379446864128113,0.7571428418159485,0.8546029925346375
3,0.49010467529296875,0.7607004046440125,0.7362637519836426,0.7976190447807312,0.7657142877578735,0.8465254902839661
4,0.4510367214679718,0.7801556587219238,0.7683397531509399,0.7896825671195984,0.7788649797439575,0.8668212294578552
5,0.4997885227203369,0.7490272521972656,0.7269372940063477,0.7817460298538208,0.7533460855484009,0.8501908183097839
cv mean,0.4799738585948944,0.7654467225074768,0.7431737661361695,0.8026632905006409,0.7710136413574219,0.8583256363868713
cv std,0.020673726503923247,0.023420754419926856,0.035423104584197014,0.019440442326388457,0.0169379925000721,0.010211156543315643
