k,val_loss,val_acc,val_prec,val_rec,val_f1,val_auroc
1,0.45856359601020813,0.7961165308952332,0.7936508059501648,0.790513813495636,0.7920792102813721,0.872974693775177
2,0.49452802538871765,0.7509727478027344,0.7118644118309021,0.8300395011901855,0.7664233446121216,0.8557236194610596
3,0.4910787343978882,0.7704280018806458,0.7463235259056091,0.8055555820465088,0.7748091816902161,0.8460862040519714
4,0.4524315297603607,0.7840467095375061,0.7786561250686646,0.7817460298538208,0.7801980376243591,0.8660941123962402
5,0.4994513988494873,0.7470816969871521,0.7242646813392639,0.7817460298538208,0.7519084215164185,0.8503726720809937
cv mean,0.4792106568813324,0.7697291374206543,0.7509519100189209,0.7979201912879944,0.7730836391448974,0.8582502603530884
cv std,0.01963967132784311,0.018796193906880098,0.031151827792181553,0.01826477861255788,0.013469768004519682,0.009947256218224575
